{
  "mean": {
    "confidence_interval": {
      "confidence_level": 0.95,
      "lower_bound": 0.007564852306151005,
      "upper_bound": 0.14433714328570868
    },
    "point_estimate": 0.07227032703638048,
    "standard_error": 0.03511264633821936
  },
  "median": {
    "confidence_interval": {
      "confidence_level": 0.95,
      "lower_bound": -0.013707224201499835,
      "upper_bound": 0.10312827470588704
    },
    "point_estimate": 0.05033557437229241,
    "standard_error": 0.02810716886646522
  }
}
