{
  "mean": {
    "confidence_interval": {
      "confidence_level": 0.95,
      "lower_bound": 0.022930981441843874,
      "upper_bound": 0.18054193483343675
    },
    "point_estimate": 0.09850528166333694,
    "standard_error": 0.040170513360874315
  },
  "median": {
    "confidence_interval": {
      "confidence_level": 0.95,
      "lower_bound": 0.047817746801160875,
      "upper_bound": 0.21337289164902673
    },
    "point_estimate": 0.10490940245418634,
    "standard_error": 0.044372467008920786
  }
}
