{
  "mean": {
    "confidence_interval": {
      "confidence_level": 0.95,
      "lower_bound": -0.06654052665078719,
      "upper_bound": 0.03482292290590028
    },
    "point_estimate": -0.014416787009993937,
    "standard_error": 0.025850475404690647
  },
  "median": {
    "confidence_interval": {
      "confidence_level": 0.95,
      "lower_bound": -0.05856825227688711,
      "upper_bound": 0.02523054748917919
    },
    "point_estimate": -0.02246123751954021,
    "standard_error": 0.02192016879383542
  }
}
