{
  "mean": {
    "confidence_interval": {
      "confidence_level": 0.95,
      "lower_bound": 0.35286402898541386,
      "upper_bound": 0.7222781374669495
    },
    "point_estimate": 0.5291431271907996,
    "standard_error": 0.0945868128479952
  },
  "median": {
    "confidence_interval": {
      "confidence_level": 0.95,
      "lower_bound": 0.40043928978314125,
      "upper_bound": 1.1939520616401968
    },
    "point_estimate": 0.9303781194729526,
    "standard_error": 0.21333788228633277
  }
}
