{
  "mean": {
    "confidence_interval": {
      "confidence_level": 0.95,
      "lower_bound": 0.04588714252896654,
      "upper_bound": 0.21722406876492517
    },
    "point_estimate": 0.1310600260676491,
    "standard_error": 0.043814618295794965
  },
  "median": {
    "confidence_interval": {
      "confidence_level": 0.95,
      "lower_bound": 0.06079317809244689,
      "upper_bound": 0.21116623343805063
    },
    "point_estimate": 0.13166430468759338,
    "standard_error": 0.03747522765221733
  }
}
