{
  "mean": {
    "confidence_interval": {
      "confidence_level": 0.95,
      "lower_bound": -0.01676380890865705,
      "upper_bound": 0.07488669790919297
    },
    "point_estimate": 0.028841974050898722,
    "standard_error": 0.023547502341076824
  },
  "median": {
    "confidence_interval": {
      "confidence_level": 0.95,
      "lower_bound": -0.024293281239382125,
      "upper_bound": 0.05755724419597841
    },
    "point_estimate": 0.03678651210171924,
    "standard_error": 0.022164967431796693
  }
}
